source,target,source_area,target_area,naive_potential,weighted_potential,n_candidates
Probability,RepresentationTheory,Mathlib.Probability,Mathlib.RepresentationTheory,218.8,92.4,25
Probability,Condensed,Mathlib.Probability,Mathlib.Condensed,208.4,92.4,24
Probability,Dynamics,Mathlib.Probability,Mathlib.Dynamics,204.1,89.9,23
Probability,InformationTheory,Mathlib.Probability,Mathlib.InformationTheory,190.3,87.4,23
Probability,SetTheory,Mathlib.Probability,Mathlib.SetTheory,208.9,84.5,21
Probability,ModelTheory,Mathlib.Probability,Mathlib.ModelTheory,204.1,78.9,22
Probability,FieldTheory,Mathlib.Probability,Mathlib.FieldTheory,206.9,77.9,22
Probability,Computability,Mathlib.Probability,Mathlib.Computability,170.2,67.8,19
Probability,AlgebraicTopology,Mathlib.Probability,Mathlib.AlgebraicTopology,187.1,67.6,20
Probability,GroupTheory,Mathlib.Probability,Mathlib.GroupTheory,171.4,57.2,16
AlgebraicGeometry,Computability,Mathlib.AlgebraicGeometry,Mathlib.Computability,166.4,56.0,30
AlgebraicGeometry,Dynamics,Mathlib.AlgebraicGeometry,Mathlib.Dynamics,161.5,54.8,30
Probability,CategoryTheory,Mathlib.Probability,Mathlib.CategoryTheory,165.9,54.6,17
RepresentationTheory,InformationTheory,Mathlib.RepresentationTheory,Mathlib.InformationTheory,133.3,54.3,18
Probability,LinearAlgebra,Mathlib.Probability,Mathlib.LinearAlgebra,161.6,54.1,15
AlgebraicGeometry,Condensed,Mathlib.AlgebraicGeometry,Mathlib.Condensed,175.2,52.6,33
AlgebraicGeometry,InformationTheory,Mathlib.AlgebraicGeometry,Mathlib.InformationTheory,175.2,52.6,33
AlgebraicGeometry,ModelTheory,Mathlib.AlgebraicGeometry,Mathlib.ModelTheory,170.2,51.4,26
MeasureTheory,Dynamics,Mathlib.MeasureTheory,Mathlib.Dynamics,147.2,49.6,11
MeasureTheory,GroupTheory,Mathlib.MeasureTheory,Mathlib.GroupTheory,147.2,49.6,11
MeasureTheory,RepresentationTheory,Mathlib.MeasureTheory,Mathlib.RepresentationTheory,147.2,49.6,11
MeasureTheory,AlgebraicTopology,Mathlib.MeasureTheory,Mathlib.AlgebraicTopology,147.2,49.6,11
MeasureTheory,ModelTheory,Mathlib.MeasureTheory,Mathlib.ModelTheory,147.2,49.6,11
MeasureTheory,Condensed,Mathlib.MeasureTheory,Mathlib.Condensed,147.2,49.6,11
MeasureTheory,Data,Mathlib.MeasureTheory,Mathlib.Data,147.2,49.6,11
MeasureTheory,FieldTheory,Mathlib.MeasureTheory,Mathlib.FieldTheory,147.2,49.6,11
RepresentationTheory,SetTheory,Mathlib.RepresentationTheory,Mathlib.SetTheory,106.3,47.5,12
MeasureTheory,AlgebraicGeometry,Mathlib.MeasureTheory,Mathlib.AlgebraicGeometry,137.1,47.1,10
MeasureTheory,SetTheory,Mathlib.MeasureTheory,Mathlib.SetTheory,137.1,47.1,10
AlgebraicTopology,Dynamics,Mathlib.AlgebraicTopology,Mathlib.Dynamics,149.0,46.6,18
AlgebraicGeometry,SetTheory,Mathlib.AlgebraicGeometry,Mathlib.SetTheory,150.8,46.5,27
AlgebraicGeometry,Probability,Mathlib.AlgebraicGeometry,Mathlib.Probability,150.0,46.3,25
Computability,Condensed,Mathlib.Computability,Mathlib.Condensed,165.2,45.0,33
AlgebraicTopology,Condensed,Mathlib.AlgebraicTopology,Mathlib.Condensed,140.6,44.5,17
AlgebraicGeometry,RepresentationTheory,Mathlib.AlgebraicGeometry,Mathlib.RepresentationTheory,167.2,44.2,30
AlgebraicTopology,InformationTheory,Mathlib.AlgebraicTopology,Mathlib.InformationTheory,137.4,43.7,17
Data,InformationTheory,Mathlib.Data,Mathlib.InformationTheory,165.4,43.4,20
Data,Condensed,Mathlib.Data,Mathlib.Condensed,165.4,43.4,20
SetTheory,RepresentationTheory,Mathlib.SetTheory,Mathlib.RepresentationTheory,159.6,43.4,27
MeasureTheory,InformationTheory,Mathlib.MeasureTheory,Mathlib.InformationTheory,124.8,42.8,10
Probability,Geometry,Mathlib.Probability,Mathlib.Geometry,128.9,42.8,16
Computability,InformationTheory,Mathlib.Computability,Mathlib.InformationTheory,151.7,42.7,30
RepresentationTheory,Dynamics,Mathlib.RepresentationTheory,Mathlib.Dynamics,105.1,42.6,11
Analysis,AlgebraicGeometry,Mathlib.Analysis,Mathlib.AlgebraicGeometry,119.6,41.2,15
Analysis,SetTheory,Mathlib.Analysis,Mathlib.SetTheory,129.4,41.2,16
Analysis,Dynamics,Mathlib.Analysis,Mathlib.Dynamics,129.4,41.2,16
Analysis,RepresentationTheory,Mathlib.Analysis,Mathlib.RepresentationTheory,129.4,41.2,16
Analysis,Condensed,Mathlib.Analysis,Mathlib.Condensed,129.4,41.2,16
SetTheory,Condensed,Mathlib.SetTheory,Mathlib.Condensed,149.3,41.2,27
Analysis,InformationTheory,Mathlib.Analysis,Mathlib.InformationTheory,129.4,41.2,16
Analysis,AlgebraicTopology,Mathlib.Analysis,Mathlib.AlgebraicTopology,119.6,41.2,15
Analysis,ModelTheory,Mathlib.Analysis,Mathlib.ModelTheory,129.4,41.2,16
Computability,RepresentationTheory,Mathlib.Computability,Mathlib.RepresentationTheory,153.8,41.0,30
Logic,Condensed,Mathlib.Logic,Mathlib.Condensed,112.8,40.9,23
FieldTheory,Condensed,Mathlib.FieldTheory,Mathlib.Condensed,163.3,40.8,29
AlgebraicGeometry,AlgebraicTopology,Mathlib.AlgebraicGeometry,Mathlib.AlgebraicTopology,152.3,40.5,28
AlgebraicGeometry,FieldTheory,Mathlib.AlgebraicGeometry,Mathlib.FieldTheory,121.8,40.4,22
Combinatorics,InformationTheory,Mathlib.Combinatorics,Mathlib.InformationTheory,126.9,40.2,25
Combinatorics,RepresentationTheory,Mathlib.Combinatorics,Mathlib.RepresentationTheory,126.9,40.2,25
Combinatorics,Condensed,Mathlib.Combinatorics,Mathlib.Condensed,126.9,40.2,25
Computability,Dynamics,Mathlib.Computability,Mathlib.Dynamics,142.9,39.8,31
Logic,Dynamics,Mathlib.Logic,Mathlib.Dynamics,106.3,39.6,20
AlgebraicGeometry,MeasureTheory,Mathlib.AlgebraicGeometry,Mathlib.MeasureTheory,142.4,38.7,21
AlgebraicGeometry,GroupTheory,Mathlib.AlgebraicGeometry,Mathlib.GroupTheory,142.4,38.7,20
Analysis,LinearAlgebra,Mathlib.Analysis,Mathlib.LinearAlgebra,118.3,38.6,11
Data,Dynamics,Mathlib.Data,Mathlib.Dynamics,144.8,38.5,19
Data,RepresentationTheory,Mathlib.Data,Mathlib.RepresentationTheory,144.8,38.5,19
Analysis,FieldTheory,Mathlib.Analysis,Mathlib.FieldTheory,116.0,38.5,14
Analysis,Data,Mathlib.Analysis,Mathlib.Data,118.1,38.3,14
Logic,InformationTheory,Mathlib.Logic,Mathlib.InformationTheory,101.5,38.3,21
AlgebraicGeometry,Order,Mathlib.AlgebraicGeometry,Mathlib.Order,139.6,38.3,22
RepresentationTheory,Condensed,Mathlib.RepresentationTheory,Mathlib.Condensed,129.3,38.0,18
Computability,AlgebraicTopology,Mathlib.Computability,Mathlib.AlgebraicTopology,137.6,37.6,25
Order,Dynamics,Mathlib.Order,Mathlib.Dynamics,94.2,37.6,25
Topology,InformationTheory,Mathlib.Topology,Mathlib.InformationTheory,146.1,37.6,22
Order,RepresentationTheory,Mathlib.Order,Mathlib.RepresentationTheory,94.2,37.6,25
Topology,Condensed,Mathlib.Topology,Mathlib.Condensed,146.1,37.6,22
Order,InformationTheory,Mathlib.Order,Mathlib.InformationTheory,94.2,37.6,25
Order,Condensed,Mathlib.Order,Mathlib.Condensed,94.2,37.6,25
Topology,Dynamics,Mathlib.Topology,Mathlib.Dynamics,146.1,37.6,22
Topology,RepresentationTheory,Mathlib.Topology,Mathlib.RepresentationTheory,146.1,37.6,22
Topology,AlgebraicTopology,Mathlib.Topology,Mathlib.AlgebraicTopology,144.9,37.6,21
Combinatorics,ModelTheory,Mathlib.Combinatorics,Mathlib.ModelTheory,115.0,37.5,24
Probability,Data,Mathlib.Probability,Mathlib.Data,144.1,37.3,16
Probability,Combinatorics,Mathlib.Probability,Mathlib.Combinatorics,115.6,36.9,11
Computability,Probability,Mathlib.Computability,Mathlib.Probability,127.0,36.7,20
AlgebraicTopology,SetTheory,Mathlib.AlgebraicTopology,Mathlib.SetTheory,106.6,36.7,13
Order,AlgebraicTopology,Mathlib.Order,Mathlib.AlgebraicTopology,84.0,36.4,23
Order,CategoryTheory,Mathlib.Order,Mathlib.CategoryTheory,89.6,36.4,21
Probability,NumberTheory,Mathlib.Probability,Mathlib.NumberTheory,85.8,36.4,9
MeasureTheory,Algebra,Mathlib.MeasureTheory,Mathlib.Algebra,102.3,36.3,7
Topology,Computability,Mathlib.Topology,Mathlib.Computability,138.8,36.2,20
SetTheory,InformationTheory,Mathlib.SetTheory,Mathlib.InformationTheory,128.1,36.1,25
AlgebraicTopology,Computability,Mathlib.AlgebraicTopology,Mathlib.Computability,103.3,35.7,13
Computability,SetTheory,Mathlib.Computability,Mathlib.SetTheory,143.4,35.7,23
Computability,FieldTheory,Mathlib.Computability,Mathlib.FieldTheory,133.8,35.6,26
Analysis,CategoryTheory,Mathlib.Analysis,Mathlib.CategoryTheory,124.9,35.6,14
Analysis,GroupTheory,Mathlib.Analysis,Mathlib.GroupTheory,106.2,35.6,11
Computability,ModelTheory,Mathlib.Computability,Mathlib.ModelTheory,142.8,35.5,27
Analysis,Order,Mathlib.Analysis,Mathlib.Order,113.5,35.4,14
Analysis,Computability,Mathlib.Analysis,Mathlib.Computability,113.5,35.4,14
Combinatorics,Dynamics,Mathlib.Combinatorics,Mathlib.Dynamics,116.4,35.2,24
FieldTheory,InformationTheory,Mathlib.FieldTheory,Mathlib.InformationTheory,140.5,35.1,27
Probability,AlgebraicGeometry,Mathlib.Probability,Mathlib.AlgebraicGeometry,131.9,35.0,15
Probability,Order,Mathlib.Probability,Mathlib.Order,136.8,35.0,13
Order,SetTheory,Mathlib.Order,Mathlib.SetTheory,84.4,34.9,23
Order,ModelTheory,Mathlib.Order,Mathlib.ModelTheory,89.9,34.9,24
Order,AlgebraicGeometry,Mathlib.Order,Mathlib.AlgebraicGeometry,84.4,34.9,20
AlgebraicGeometry,Combinatorics,Mathlib.AlgebraicGeometry,Mathlib.Combinatorics,134.5,34.8,22
Data,ModelTheory,Mathlib.Data,Mathlib.ModelTheory,129.4,34.7,18
Topology,SetTheory,Mathlib.Topology,Mathlib.SetTheory,132.0,34.7,19
AlgebraicGeometry,CategoryTheory,Mathlib.AlgebraicGeometry,Mathlib.CategoryTheory,119.0,34.5,12
Data,AlgebraicTopology,Mathlib.Data,Mathlib.AlgebraicTopology,137.8,34.4,17
AlgebraicGeometry,Topology,Mathlib.AlgebraicGeometry,Mathlib.Topology,118.2,34.4,13
Computability,Geometry,Mathlib.Computability,Mathlib.Geometry,115.8,34.4,22
FieldTheory,Dynamics,Mathlib.FieldTheory,Mathlib.Dynamics,137.5,34.4,26
AlgebraicGeometry,LinearAlgebra,Mathlib.AlgebraicGeometry,Mathlib.LinearAlgebra,120.6,34.3,16
Condensed,InformationTheory,Mathlib.Condensed,Mathlib.InformationTheory,101.2,34.1,15
Logic,RepresentationTheory,Mathlib.Logic,Mathlib.RepresentationTheory,82.7,34.0,16
AlgebraicGeometry,Data,Mathlib.AlgebraicGeometry,Mathlib.Data,118.6,33.2,13
NumberTheory,Condensed,Mathlib.NumberTheory,Mathlib.Condensed,188.8,33.1,37
Combinatorics,CategoryTheory,Mathlib.Combinatorics,Mathlib.CategoryTheory,95.0,33.1,19
SetTheory,ModelTheory,Mathlib.SetTheory,Mathlib.ModelTheory,131.5,33.0,22
Computability,AlgebraicGeometry,Mathlib.Computability,Mathlib.AlgebraicGeometry,134.7,33.0,21
Computability,CategoryTheory,Mathlib.Computability,Mathlib.CategoryTheory,130.1,32.8,20
MeasureTheory,Combinatorics,Mathlib.MeasureTheory,Mathlib.Combinatorics,88.3,32.5,8
Analysis,Probability,Mathlib.Analysis,Mathlib.Probability,98.7,32.5,12
Data,AlgebraicGeometry,Mathlib.Data,Mathlib.AlgebraicGeometry,120.5,32.5,16
Combinatorics,SetTheory,Mathlib.Combinatorics,Mathlib.SetTheory,103.9,32.5,22
NumberTheory,InformationTheory,Mathlib.NumberTheory,Mathlib.InformationTheory,172.8,32.4,36
NumberTheory,AlgebraicTopology,Mathlib.NumberTheory,Mathlib.AlgebraicTopology,144.4,32.4,33
SetTheory,CategoryTheory,Mathlib.SetTheory,Mathlib.CategoryTheory,125.0,32.2,18
Data,Probability,Mathlib.Data,Mathlib.Probability,118.6,32.0,17
NumberTheory,RepresentationTheory,Mathlib.NumberTheory,Mathlib.RepresentationTheory,188.8,32.0,36
NumberTheory,SetTheory,Mathlib.NumberTheory,Mathlib.SetTheory,175.5,32.0,33
Data,Geometry,Mathlib.Data,Mathlib.Geometry,118.2,31.9,16
Analysis,MeasureTheory,Mathlib.Analysis,Mathlib.MeasureTheory,83.7,31.8,10
SetTheory,AlgebraicTopology,Mathlib.SetTheory,Mathlib.AlgebraicTopology,116.7,31.8,19
NumberTheory,Dynamics,Mathlib.NumberTheory,Mathlib.Dynamics,188.8,31.7,35
LinearAlgebra,AlgebraicTopology,Mathlib.LinearAlgebra,Mathlib.AlgebraicTopology,106.7,31.6,13
Combinatorics,Computability,Mathlib.Combinatorics,Mathlib.Computability,88.9,31.6,21
LinearAlgebra,ModelTheory,Mathlib.LinearAlgebra,Mathlib.ModelTheory,106.7,31.6,13
LinearAlgebra,RepresentationTheory,Mathlib.LinearAlgebra,Mathlib.RepresentationTheory,106.7,31.6,13
LinearAlgebra,InformationTheory,Mathlib.LinearAlgebra,Mathlib.InformationTheory,106.7,31.6,13
LinearAlgebra,SetTheory,Mathlib.LinearAlgebra,Mathlib.SetTheory,106.7,31.6,13
LinearAlgebra,Dynamics,Mathlib.LinearAlgebra,Mathlib.Dynamics,106.7,31.6,13
LinearAlgebra,Condensed,Mathlib.LinearAlgebra,Mathlib.Condensed,106.7,31.6,13
MeasureTheory,CategoryTheory,Mathlib.MeasureTheory,Mathlib.CategoryTheory,118.8,31.4,9
Combinatorics,FieldTheory,Mathlib.Combinatorics,Mathlib.FieldTheory,97.9,31.3,19
NumberTheory,FieldTheory,Mathlib.NumberTheory,Mathlib.FieldTheory,147.4,30.8,33
Computability,LinearAlgebra,Mathlib.Computability,Mathlib.LinearAlgebra,111.1,30.8,18
NumberTheory,Computability,Mathlib.NumberTheory,Mathlib.Computability,134.7,30.8,31
AlgebraicTopology,FieldTheory,Mathlib.AlgebraicTopology,Mathlib.FieldTheory,81.8,30.7,11
AlgebraicTopology,ModelTheory,Mathlib.AlgebraicTopology,Mathlib.ModelTheory,116.3,30.7,16
RepresentationTheory,ModelTheory,Mathlib.RepresentationTheory,Mathlib.ModelTheory,99.8,30.7,16
Topology,Probability,Mathlib.Topology,Mathlib.Probability,113.6,30.2,18
Topology,GroupTheory,Mathlib.Topology,Mathlib.GroupTheory,110.3,30.2,16
Control,InformationTheory,Mathlib.Control,Mathlib.InformationTheory,111.8,30.2,22
AlgebraicTopology,MeasureTheory,Mathlib.AlgebraicTopology,Mathlib.MeasureTheory,84.0,30.1,10
FieldTheory,AlgebraicTopology,Mathlib.FieldTheory,Mathlib.AlgebraicTopology,120.5,30.1,23
SetTheory,Probability,Mathlib.SetTheory,Mathlib.Probability,107.7,30.1,15
MeasureTheory,LinearAlgebra,Mathlib.MeasureTheory,Mathlib.LinearAlgebra,109.8,30.0,8
SetTheory,Dynamics,Mathlib.SetTheory,Mathlib.Dynamics,113.3,30.0,22
Combinatorics,AlgebraicGeometry,Mathlib.Combinatorics,Mathlib.AlgebraicGeometry,92.0,29.9,19
NumberTheory,CategoryTheory,Mathlib.NumberTheory,Mathlib.CategoryTheory,168.6,29.8,32
Combinatorics,Probability,Mathlib.Combinatorics,Mathlib.Probability,91.8,29.8,19
RepresentationTheory,Computability,Mathlib.RepresentationTheory,Mathlib.Computability,77.2,29.7,13
FieldTheory,RepresentationTheory,Mathlib.FieldTheory,Mathlib.RepresentationTheory,118.5,29.6,22
Probability,Topology,Mathlib.Probability,Mathlib.Topology,72.1,29.3,8
Control,Condensed,Mathlib.Control,Mathlib.Condensed,107.9,29.2,22
NumberTheory,ModelTheory,Mathlib.NumberTheory,Mathlib.ModelTheory,182.9,29.2,35
Probability,Algebra,Mathlib.Probability,Mathlib.Algebra,70.5,29.1,7
LinearAlgebra,Computability,Mathlib.LinearAlgebra,Mathlib.Computability,96.4,29.0,12
SetTheory,FieldTheory,Mathlib.SetTheory,Mathlib.FieldTheory,99.8,28.9,17
MeasureTheory,NumberTheory,Mathlib.MeasureTheory,Mathlib.NumberTheory,75.7,28.7,6
Control,Dynamics,Mathlib.Control,Mathlib.Dynamics,103.9,28.7,16
Topology,NumberTheory,Mathlib.Topology,Mathlib.NumberTheory,102.1,28.6,12
Order,Computability,Mathlib.Order,Mathlib.Computability,80.8,28.6,20
NumberTheory,Order,Mathlib.NumberTheory,Mathlib.Order,177.2,28.4,32
Combinatorics,MeasureTheory,Mathlib.Combinatorics,Mathlib.MeasureTheory,83.2,28.2,14
Analysis,Geometry,Mathlib.Analysis,Mathlib.Geometry,80.3,27.8,9
Topology,AlgebraicGeometry,Mathlib.Topology,Mathlib.AlgebraicGeometry,104.3,27.8,17
Analysis,RingTheory,Mathlib.Analysis,Mathlib.RingTheory,73.7,27.8,7
Topology,FieldTheory,Mathlib.Topology,Mathlib.FieldTheory,104.3,27.8,16
Topology,ModelTheory,Mathlib.Topology,Mathlib.ModelTheory,104.3,27.8,17
FieldTheory,Probability,Mathlib.FieldTheory,Mathlib.Probability,110.3,27.6,22
FieldTheory,ModelTheory,Mathlib.FieldTheory,Mathlib.ModelTheory,110.3,27.6,22
LinearAlgebra,CategoryTheory,Mathlib.LinearAlgebra,Mathlib.CategoryTheory,90.1,27.5,12
LinearAlgebra,AlgebraicGeometry,Mathlib.LinearAlgebra,Mathlib.AlgebraicGeometry,90.1,27.5,12
Geometry,Condensed,Mathlib.Geometry,Mathlib.Condensed,116.7,27.5,20
Geometry,InformationTheory,Mathlib.Geometry,Mathlib.InformationTheory,116.7,27.5,20
Computability,GroupTheory,Mathlib.Computability,Mathlib.GroupTheory,98.0,27.4,16
AlgebraicGeometry,Geometry,Mathlib.AlgebraicGeometry,Mathlib.Geometry,99.1,27.2,15
Combinatorics,Geometry,Mathlib.Combinatorics,Mathlib.Geometry,96.5,27.0,19
LinearAlgebra,Order,Mathlib.LinearAlgebra,Mathlib.Order,101.9,26.9,12
MeasureTheory,Computability,Mathlib.MeasureTheory,Mathlib.Computability,69.5,26.9,7
Computability,Order,Mathlib.Computability,Mathlib.Order,118.1,26.8,15
Geometry,RepresentationTheory,Mathlib.Geometry,Mathlib.RepresentationTheory,113.0,26.6,20
Data,CategoryTheory,Mathlib.Data,Mathlib.CategoryTheory,96.4,26.5,13
Topology,LinearAlgebra,Mathlib.Topology,Mathlib.LinearAlgebra,91.6,26.1,15
FieldTheory,CategoryTheory,Mathlib.FieldTheory,Mathlib.CategoryTheory,103.9,26.0,17
MeasureTheory,Topology,Mathlib.MeasureTheory,Mathlib.Topology,66.2,26.0,6
Combinatorics,RingTheory,Mathlib.Combinatorics,Mathlib.RingTheory,81.7,25.8,13
AlgebraicTopology,Probability,Mathlib.AlgebraicTopology,Mathlib.Probability,96.1,25.8,12
Combinatorics,AlgebraicTopology,Mathlib.Combinatorics,Mathlib.AlgebraicTopology,75.9,25.8,20
Topology,Geometry,Mathlib.Topology,Mathlib.Geometry,92.5,25.7,15
Data,SetTheory,Mathlib.Data,Mathlib.SetTheory,93.2,25.6,15
Data,NumberTheory,Mathlib.Data,Mathlib.NumberTheory,93.2,25.6,14
NumberTheory,AlgebraicGeometry,Mathlib.NumberTheory,Mathlib.AlgebraicGeometry,127.7,25.6,26
Combinatorics,NumberTheory,Mathlib.Combinatorics,Mathlib.NumberTheory,80.5,25.5,13
RepresentationTheory,Probability,Mathlib.RepresentationTheory,Mathlib.Probability,78.7,25.4,11
AlgebraicGeometry,Analysis,Mathlib.AlgebraicGeometry,Mathlib.Analysis,86.3,25.3,13
Data,GroupTheory,Mathlib.Data,Mathlib.GroupTheory,91.5,25.2,14
Computability,MeasureTheory,Mathlib.Computability,Mathlib.MeasureTheory,89.3,25.2,13
NumberTheory,GroupTheory,Mathlib.NumberTheory,Mathlib.GroupTheory,122.7,25.1,26
Data,FieldTheory,Mathlib.Data,Mathlib.FieldTheory,90.4,25.0,15
FieldTheory,SetTheory,Mathlib.FieldTheory,Mathlib.SetTheory,99.6,24.9,20
LinearAlgebra,Combinatorics,Mathlib.LinearAlgebra,Mathlib.Combinatorics,79.8,24.9,10
AlgebraicTopology,GroupTheory,Mathlib.AlgebraicTopology,Mathlib.GroupTheory,90.2,24.9,11
Logic,Geometry,Mathlib.Logic,Mathlib.Geometry,65.5,24.8,11
Order,Probability,Mathlib.Order,Mathlib.Probability,75.8,24.7,18
Combinatorics,LinearAlgebra,Mathlib.Combinatorics,Mathlib.LinearAlgebra,82.0,24.7,14
NumberTheory,Geometry,Mathlib.NumberTheory,Mathlib.Geometry,121.2,24.7,22
MeasureTheory,Order,Mathlib.MeasureTheory,Mathlib.Order,63.9,24.6,6
SetTheory,Computability,Mathlib.SetTheory,Mathlib.Computability,100.9,24.6,17
AlgebraicGeometry,NumberTheory,Mathlib.AlgebraicGeometry,Mathlib.NumberTheory,97.9,24.5,10
Dynamics,RepresentationTheory,Mathlib.Dynamics,Mathlib.RepresentationTheory,90.4,24.5,19
FieldTheory,Order,Mathlib.FieldTheory,Mathlib.Order,97.5,24.4,18
GroupTheory,Condensed,Mathlib.GroupTheory,Mathlib.Condensed,91.1,24.1,19
GroupTheory,RepresentationTheory,Mathlib.GroupTheory,Mathlib.RepresentationTheory,91.1,24.1,19
GroupTheory,Dynamics,Mathlib.GroupTheory,Mathlib.Dynamics,91.1,24.1,19
GroupTheory,InformationTheory,Mathlib.GroupTheory,Mathlib.InformationTheory,91.1,24.1,19
GroupTheory,AlgebraicTopology,Mathlib.GroupTheory,Mathlib.AlgebraicTopology,91.1,24.1,19
Dynamics,Condensed,Mathlib.Dynamics,Mathlib.Condensed,88.7,24.1,28
Analysis,NumberTheory,Mathlib.Analysis,Mathlib.NumberTheory,59.5,24.0,6
Order,Geometry,Mathlib.Order,Mathlib.Geometry,67.3,23.9,17
Order,FieldTheory,Mathlib.Order,Mathlib.FieldTheory,67.3,23.9,19
Order,NumberTheory,Mathlib.Order,Mathlib.NumberTheory,60.2,23.8,14
Topology,Combinatorics,Mathlib.Topology,Mathlib.Combinatorics,96.1,23.8,14
Data,Computability,Mathlib.Data,Mathlib.Computability,85.6,23.8,13
Topology,Order,Mathlib.Topology,Mathlib.Order,86.7,23.7,14
Tactic,InformationTheory,Mathlib.Tactic,Mathlib.InformationTheory,82.5,23.7,18
Condensed,Computability,Mathlib.Condensed,Mathlib.Computability,64.2,23.7,8
Dynamics,InformationTheory,Mathlib.Dynamics,Mathlib.InformationTheory,86.6,23.6,26
SetTheory,Geometry,Mathlib.SetTheory,Mathlib.Geometry,81.6,23.6,15
Geometry,ModelTheory,Mathlib.Geometry,Mathlib.ModelTheory,101.1,23.5,19
GroupTheory,ModelTheory,Mathlib.GroupTheory,Mathlib.ModelTheory,88.9,23.5,18
RingTheory,RepresentationTheory,Mathlib.RingTheory,Mathlib.RepresentationTheory,92.7,23.5,11
RingTheory,InformationTheory,Mathlib.RingTheory,Mathlib.InformationTheory,92.7,23.5,11
RingTheory,Condensed,Mathlib.RingTheory,Mathlib.Condensed,92.7,23.5,11
RingTheory,Dynamics,Mathlib.RingTheory,Mathlib.Dynamics,92.7,23.5,11
Tactic,Condensed,Mathlib.Tactic,Mathlib.Condensed,85.4,23.4,20
Data,LinearAlgebra,Mathlib.Data,Mathlib.LinearAlgebra,84.0,23.4,11
AlgebraicGeometry,Algebra,Mathlib.AlgebraicGeometry,Mathlib.Algebra,74.0,23.4,9
GroupTheory,FieldTheory,Mathlib.GroupTheory,Mathlib.FieldTheory,87.6,23.2,17
FieldTheory,Computability,Mathlib.FieldTheory,Mathlib.Computability,92.2,23.1,21
Order,Combinatorics,Mathlib.Order,Mathlib.Combinatorics,60.4,23.1,14
Logic,Computability,Mathlib.Logic,Mathlib.Computability,61.3,23.0,10
GroupTheory,Computability,Mathlib.GroupTheory,Mathlib.Computability,86.7,22.9,18
Dynamics,Computability,Mathlib.Dynamics,Mathlib.Computability,81.5,22.9,20
LinearAlgebra,Probability,Mathlib.LinearAlgebra,Mathlib.Probability,85.3,22.7,10
GroupTheory,SetTheory,Mathlib.GroupTheory,Mathlib.SetTheory,84.9,22.6,16
Dynamics,ModelTheory,Mathlib.Dynamics,Mathlib.ModelTheory,82.6,22.6,21
Computability,Combinatorics,Mathlib.Computability,Mathlib.Combinatorics,90.5,22.6,13
NumberTheory,Probability,Mathlib.NumberTheory,Mathlib.Probability,110.4,22.5,22
GroupTheory,Probability,Mathlib.GroupTheory,Mathlib.Probability,83.8,22.3,17
NumberTheory,LinearAlgebra,Mathlib.NumberTheory,Mathlib.LinearAlgebra,98.8,22.3,22
Combinatorics,Topology,Mathlib.Combinatorics,Mathlib.Topology,71.8,22.0,15
Logic,ModelTheory,Mathlib.Logic,Mathlib.ModelTheory,64.8,21.9,13
AlgebraicTopology,RepresentationTheory,Mathlib.AlgebraicTopology,Mathlib.RepresentationTheory,78.9,21.8,13
Logic,AlgebraicGeometry,Mathlib.Logic,Mathlib.AlgebraicGeometry,56.7,21.8,9
NumberTheory,Combinatorics,Mathlib.NumberTheory,Mathlib.Combinatorics,112.0,21.8,24
Data,Topology,Mathlib.Data,Mathlib.Topology,87.0,21.8,11
Data,Analysis,Mathlib.Data,Mathlib.Analysis,77.6,21.7,10
GroupTheory,MeasureTheory,Mathlib.GroupTheory,Mathlib.MeasureTheory,80.8,21.7,14
Condensed,RepresentationTheory,Mathlib.Condensed,Mathlib.RepresentationTheory,71.3,21.5,9
GroupTheory,Order,Mathlib.GroupTheory,Mathlib.Order,85.2,21.4,16
GroupTheory,AlgebraicGeometry,Mathlib.GroupTheory,Mathlib.AlgebraicGeometry,79.5,21.3,15
Control,RepresentationTheory,Mathlib.Control,Mathlib.RepresentationTheory,82.9,21.2,14
Topology,CategoryTheory,Mathlib.Topology,Mathlib.CategoryTheory,83.1,21.2,12
Analysis,Algebra,Mathlib.Analysis,Mathlib.Algebra,79.1,21.2,7
SetTheory,LinearAlgebra,Mathlib.SetTheory,Mathlib.LinearAlgebra,80.6,21.2,10
Probability,RingTheory,Mathlib.Probability,Mathlib.RingTheory,101.0,21.1,10
Combinatorics,GroupTheory,Mathlib.Combinatorics,Mathlib.GroupTheory,71.6,21.1,16
LinearAlgebra,FieldTheory,Mathlib.LinearAlgebra,Mathlib.FieldTheory,78.2,21.0,10
Data,Order,Mathlib.Data,Mathlib.Order,74.6,21.0,11
Geometry,Dynamics,Mathlib.Geometry,Mathlib.Dynamics,91.5,21.0,18
Data,MeasureTheory,Mathlib.Data,Mathlib.MeasureTheory,74.6,21.0,11
Geometry,Computability,Mathlib.Geometry,Mathlib.Computability,91.5,21.0,18
Geometry,CategoryTheory,Mathlib.Geometry,Mathlib.CategoryTheory,93.1,20.9,16
ModelTheory,RepresentationTheory,Mathlib.ModelTheory,Mathlib.RepresentationTheory,81.6,20.7,19
GroupTheory,CategoryTheory,Mathlib.GroupTheory,Mathlib.CategoryTheory,77.2,20.7,15
ModelTheory,Condensed,Mathlib.ModelTheory,Mathlib.Condensed,81.6,20.7,19
ModelTheory,Dynamics,Mathlib.ModelTheory,Mathlib.Dynamics,81.6,20.7,19
ModelTheory,InformationTheory,Mathlib.ModelTheory,Mathlib.InformationTheory,81.6,20.7,19
Computability,NumberTheory,Mathlib.Computability,Mathlib.NumberTheory,77.4,20.6,11
Tactic,RepresentationTheory,Mathlib.Tactic,Mathlib.RepresentationTheory,74.0,20.6,18
FieldTheory,Combinatorics,Mathlib.FieldTheory,Mathlib.Combinatorics,81.8,20.4,16
Control,Probability,Mathlib.Control,Mathlib.Probability,80.3,20.4,13
Analysis,Combinatorics,Mathlib.Analysis,Mathlib.Combinatorics,74.2,20.3,8
FieldTheory,AlgebraicGeometry,Mathlib.FieldTheory,Mathlib.AlgebraicGeometry,80.6,20.2,15
Order,LinearAlgebra,Mathlib.Order,Mathlib.LinearAlgebra,58.4,20.2,15
Control,AlgebraicTopology,Mathlib.Control,Mathlib.AlgebraicTopology,78.7,20.1,11
LinearAlgebra,NumberTheory,Mathlib.LinearAlgebra,Mathlib.NumberTheory,60.5,20.1,9
Combinatorics,Order,Mathlib.Combinatorics,Mathlib.Order,67.5,19.9,15
SetTheory,NumberTheory,Mathlib.SetTheory,Mathlib.NumberTheory,79.5,19.9,11
Topology,Data,Mathlib.Topology,Mathlib.Data,72.4,19.7,11
NumberTheory,Topology,Mathlib.NumberTheory,Mathlib.Topology,92.4,19.7,15
AlgebraicTopology,AlgebraicGeometry,Mathlib.AlgebraicTopology,Mathlib.AlgebraicGeometry,69.7,19.7,11
ModelTheory,AlgebraicTopology,Mathlib.ModelTheory,Mathlib.AlgebraicTopology,75.8,19.7,17
Condensed,Dynamics,Mathlib.Condensed,Mathlib.Dynamics,63.8,19.6,8
Topology,MeasureTheory,Mathlib.Topology,Mathlib.MeasureTheory,75.0,19.6,11
Geometry,SetTheory,Mathlib.Geometry,Mathlib.SetTheory,87.4,19.6,17
FieldTheory,Data,Mathlib.FieldTheory,Mathlib.Data,77.8,19.5,15
Order,GroupTheory,Mathlib.Order,Mathlib.GroupTheory,59.9,19.5,14
Topology,RingTheory,Mathlib.Topology,Mathlib.RingTheory,81.6,19.4,11
FieldTheory,Geometry,Mathlib.FieldTheory,Mathlib.Geometry,77.1,19.4,15
RingTheory,AlgebraicTopology,Mathlib.RingTheory,Mathlib.AlgebraicTopology,78.0,19.3,10
RingTheory,ModelTheory,Mathlib.RingTheory,Mathlib.ModelTheory,78.0,19.3,10
Tactic,Dynamics,Mathlib.Tactic,Mathlib.Dynamics,73.0,19.3,16
RingTheory,Computability,Mathlib.RingTheory,Mathlib.Computability,78.0,19.3,10
Order,MeasureTheory,Mathlib.Order,Mathlib.MeasureTheory,58.6,19.2,13
Geometry,FieldTheory,Mathlib.Geometry,Mathlib.FieldTheory,85.8,19.1,16
Control,ModelTheory,Mathlib.Control,Mathlib.ModelTheory,74.1,19.1,11
Geometry,AlgebraicGeometry,Mathlib.Geometry,Mathlib.AlgebraicGeometry,85.8,19.1,16
SetTheory,AlgebraicGeometry,Mathlib.SetTheory,Mathlib.AlgebraicGeometry,82.0,19.0,14
GroupTheory,LinearAlgebra,Mathlib.GroupTheory,Mathlib.LinearAlgebra,68.9,19.0,12
Geometry,AlgebraicTopology,Mathlib.Geometry,Mathlib.AlgebraicTopology,83.4,18.9,15
RingTheory,Probability,Mathlib.RingTheory,Mathlib.Probability,70.4,18.9,9
FieldTheory,MeasureTheory,Mathlib.FieldTheory,Mathlib.MeasureTheory,75.3,18.9,11
SetTheory,GroupTheory,Mathlib.SetTheory,Mathlib.GroupTheory,81.7,18.9,12
SetTheory,MeasureTheory,Mathlib.SetTheory,Mathlib.MeasureTheory,78.3,18.8,10
FieldTheory,GroupTheory,Mathlib.FieldTheory,Mathlib.GroupTheory,74.8,18.7,13
NumberTheory,MeasureTheory,Mathlib.NumberTheory,Mathlib.MeasureTheory,69.9,18.6,16
Data,Combinatorics,Mathlib.Data,Mathlib.Combinatorics,64.9,18.6,11
LinearAlgebra,MeasureTheory,Mathlib.LinearAlgebra,Mathlib.MeasureTheory,68.3,18.5,8
Dynamics,AlgebraicTopology,Mathlib.Dynamics,Mathlib.AlgebraicTopology,73.6,18.4,20
Geometry,Probability,Mathlib.Geometry,Mathlib.Probability,83.5,18.4,15
Computability,RingTheory,Mathlib.Computability,Mathlib.RingTheory,73.3,18.3,8
Control,SetTheory,Mathlib.Control,Mathlib.SetTheory,70.8,18.3,11
MeasureTheory,RingTheory,Mathlib.MeasureTheory,Mathlib.RingTheory,67.6,18.2,5
Logic,FieldTheory,Mathlib.Logic,Mathlib.FieldTheory,45.9,18.1,8
InformationTheory,Condensed,Mathlib.InformationTheory,Mathlib.Condensed,60.5,18.1,8
Control,AlgebraicGeometry,Mathlib.Control,Mathlib.AlgebraicGeometry,68.1,18.0,9
RepresentationTheory,FieldTheory,Mathlib.RepresentationTheory,Mathlib.FieldTheory,49.0,18.0,5
Control,Geometry,Mathlib.Control,Mathlib.Geometry,69.1,17.9,9
Dynamics,CategoryTheory,Mathlib.Dynamics,Mathlib.CategoryTheory,74.7,17.7,13
Logic,Probability,Mathlib.Logic,Mathlib.Probability,59.8,17.7,11
Tactic,AlgebraicGeometry,Mathlib.Tactic,Mathlib.AlgebraicGeometry,62.2,17.6,9
AlgebraicGeometry,RingTheory,Mathlib.AlgebraicGeometry,Mathlib.RingTheory,55.9,17.5,6
Tactic,ModelTheory,Mathlib.Tactic,Mathlib.ModelTheory,74.0,17.5,15
Condensed,ModelTheory,Mathlib.Condensed,Mathlib.ModelTheory,55.3,17.5,8
Condensed,SetTheory,Mathlib.Condensed,Mathlib.SetTheory,54.9,17.4,7
Logic,AlgebraicTopology,Mathlib.Logic,Mathlib.AlgebraicTopology,58.4,17.4,11
RingTheory,Order,Mathlib.RingTheory,Mathlib.Order,70.0,17.3,9
Logic,SetTheory,Mathlib.Logic,Mathlib.SetTheory,46.1,17.3,8
GroupTheory,Geometry,Mathlib.GroupTheory,Mathlib.Geometry,67.0,17.2,13
RingTheory,SetTheory,Mathlib.RingTheory,Mathlib.SetTheory,69.6,17.2,9
GroupTheory,Analysis,Mathlib.GroupTheory,Mathlib.Analysis,60.9,17.0,11
AlgebraicTopology,Combinatorics,Mathlib.AlgebraicTopology,Mathlib.Combinatorics,60.8,16.9,10
GroupTheory,NumberTheory,Mathlib.GroupTheory,Mathlib.NumberTheory,65.7,16.9,11
LinearAlgebra,Geometry,Mathlib.LinearAlgebra,Mathlib.Geometry,61.8,16.9,8
Dynamics,Geometry,Mathlib.Dynamics,Mathlib.Geometry,68.2,16.7,12
ModelTheory,Computability,Mathlib.ModelTheory,Mathlib.Computability,64.0,16.7,16
ModelTheory,SetTheory,Mathlib.ModelTheory,Mathlib.SetTheory,64.0,16.7,15
GroupTheory,Topology,Mathlib.GroupTheory,Mathlib.Topology,61.1,16.6,10
InformationTheory,Dynamics,Mathlib.InformationTheory,Mathlib.Dynamics,54.2,16.6,6
Tactic,Computability,Mathlib.Tactic,Mathlib.Computability,66.3,16.6,11
NumberTheory,Data,Mathlib.NumberTheory,Mathlib.Data,85.4,16.5,17
SetTheory,Order,Mathlib.SetTheory,Mathlib.Order,65.5,16.4,12
Control,LinearAlgebra,Mathlib.Control,Mathlib.LinearAlgebra,65.5,16.4,8
Control,FieldTheory,Mathlib.Control,Mathlib.FieldTheory,65.3,16.3,8
AlgebraicTopology,Order,Mathlib.AlgebraicTopology,Mathlib.Order,57.9,16.1,10
Tactic,SetTheory,Mathlib.Tactic,Mathlib.SetTheory,69.3,16.1,14
Geometry,GroupTheory,Mathlib.Geometry,Mathlib.GroupTheory,81.9,16.1,14
Geometry,Combinatorics,Mathlib.Geometry,Mathlib.Combinatorics,83.7,16.1,15
ModelTheory,Order,Mathlib.ModelTheory,Mathlib.Order,60.5,15.9,9
GroupTheory,Combinatorics,Mathlib.GroupTheory,Mathlib.Combinatorics,63.7,15.9,10
ModelTheory,Probability,Mathlib.ModelTheory,Mathlib.Probability,60.9,15.9,12
Tactic,Probability,Mathlib.Tactic,Mathlib.Probability,63.4,15.8,11
LinearAlgebra,GroupTheory,Mathlib.LinearAlgebra,Mathlib.GroupTheory,57.5,15.8,8
Order,RingTheory,Mathlib.Order,Mathlib.RingTheory,48.1,15.7,10
NumberTheory,Algebra,Mathlib.NumberTheory,Mathlib.Algebra,76.1,15.6,14
SetTheory,Combinatorics,Mathlib.SetTheory,Mathlib.Combinatorics,71.7,15.6,11
Condensed,AlgebraicTopology,Mathlib.Condensed,Mathlib.AlgebraicTopology,42.9,15.6,5
Dynamics,SetTheory,Mathlib.Dynamics,Mathlib.SetTheory,60.2,15.5,15
FieldTheory,Topology,Mathlib.FieldTheory,Mathlib.Topology,61.5,15.4,9
Combinatorics,Algebra,Mathlib.Combinatorics,Mathlib.Algebra,49.2,15.4,7
ModelTheory,FieldTheory,Mathlib.ModelTheory,Mathlib.FieldTheory,55.1,15.3,11
Condensed,Geometry,Mathlib.Condensed,Mathlib.Geometry,46.5,15.3,5
Dynamics,AlgebraicGeometry,Mathlib.Dynamics,Mathlib.AlgebraicGeometry,61.7,15.2,15
LinearAlgebra,Topology,Mathlib.LinearAlgebra,Mathlib.Topology,54.6,15.1,7
Computability,Topology,Mathlib.Computability,Mathlib.Topology,59.9,15.0,8
ModelTheory,GroupTheory,Mathlib.ModelTheory,Mathlib.GroupTheory,57.1,15.0,10
Geometry,Data,Mathlib.Geometry,Mathlib.Data,63.6,14.9,11
Analysis,Topology,Mathlib.Analysis,Mathlib.Topology,27.6,14.9,4
Computability,Analysis,Mathlib.Computability,Mathlib.Analysis,59.2,14.8,7
RingTheory,FieldTheory,Mathlib.RingTheory,Mathlib.FieldTheory,59.6,14.7,9
RepresentationTheory,AlgebraicTopology,Mathlib.RepresentationTheory,Mathlib.AlgebraicTopology,58.5,14.6,10
ModelTheory,AlgebraicGeometry,Mathlib.ModelTheory,Mathlib.AlgebraicGeometry,52.4,14.6,10
ModelTheory,CategoryTheory,Mathlib.ModelTheory,Mathlib.CategoryTheory,51.9,14.5,10
Computability,Data,Mathlib.Computability,Mathlib.Data,58.1,14.5,7
Control,MeasureTheory,Mathlib.Control,Mathlib.MeasureTheory,55.8,14.5,8
Dynamics,Probability,Mathlib.Dynamics,Mathlib.Probability,60.1,14.2,11
Control,GroupTheory,Mathlib.Control,Mathlib.GroupTheory,54.4,14.2,7
Topology,Algebra,Mathlib.Topology,Mathlib.Algebra,52.3,14.1,7
SetTheory,RingTheory,Mathlib.SetTheory,Mathlib.RingTheory,55.9,14.0,7
Geometry,RingTheory,Mathlib.Geometry,Mathlib.RingTheory,64.6,14.0,10
Dynamics,GroupTheory,Mathlib.Dynamics,Mathlib.GroupTheory,60.4,14.0,12
Data,Algebra,Mathlib.Data,Mathlib.Algebra,55.2,13.8,7
RingTheory,MeasureTheory,Mathlib.RingTheory,Mathlib.MeasureTheory,56.2,13.8,8
Geometry,Order,Mathlib.Geometry,Mathlib.Order,74.6,13.7,14
Tactic,GroupTheory,Mathlib.Tactic,Mathlib.GroupTheory,62.7,13.6,9
RingTheory,AlgebraicGeometry,Mathlib.RingTheory,Mathlib.AlgebraicGeometry,54.8,13.5,8
LinearAlgebra,Analysis,Mathlib.LinearAlgebra,Mathlib.Analysis,53.5,13.4,7
GroupTheory,Data,Mathlib.GroupTheory,Mathlib.Data,53.8,13.4,9
ModelTheory,Geometry,Mathlib.ModelTheory,Mathlib.Geometry,52.5,13.4,8
Logic,CategoryTheory,Mathlib.Logic,Mathlib.CategoryTheory,22.2,13.2,3
Algebra,SetTheory,Mathlib.Algebra,Mathlib.SetTheory,48.7,13.0,6
Algebra,InformationTheory,Mathlib.Algebra,Mathlib.InformationTheory,48.7,13.0,6
Algebra,RepresentationTheory,Mathlib.Algebra,Mathlib.RepresentationTheory,48.7,13.0,6
Algebra,Condensed,Mathlib.Algebra,Mathlib.Condensed,48.7,13.0,6
Algebra,GroupTheory,Mathlib.Algebra,Mathlib.GroupTheory,48.7,13.0,6
Algebra,Geometry,Mathlib.Algebra,Mathlib.Geometry,48.7,13.0,6
Algebra,FieldTheory,Mathlib.Algebra,Mathlib.FieldTheory,48.7,13.0,6
Algebra,Dynamics,Mathlib.Algebra,Mathlib.Dynamics,48.7,13.0,6
Algebra,ModelTheory,Mathlib.Algebra,Mathlib.ModelTheory,48.7,13.0,6
AlgebraicTopology,NumberTheory,Mathlib.AlgebraicTopology,Mathlib.NumberTheory,42.1,12.8,7
AlgebraicTopology,Geometry,Mathlib.AlgebraicTopology,Mathlib.Geometry,41.8,12.8,7
Combinatorics,Data,Mathlib.Combinatorics,Mathlib.Data,45.4,12.6,9
FieldTheory,LinearAlgebra,Mathlib.FieldTheory,Mathlib.LinearAlgebra,48.5,12.6,8
Data,RingTheory,Mathlib.Data,Mathlib.RingTheory,49.8,12.5,7
Geometry,Algebra,Mathlib.Geometry,Mathlib.Algebra,58.9,12.5,9
Algebra,MeasureTheory,Mathlib.Algebra,Mathlib.MeasureTheory,45.9,12.3,5
Tactic,AlgebraicTopology,Mathlib.Tactic,Mathlib.AlgebraicTopology,51.5,12.2,10
Control,RingTheory,Mathlib.Control,Mathlib.RingTheory,48.2,12.0,5
Control,NumberTheory,Mathlib.Control,Mathlib.NumberTheory,47.9,12.0,6
Order,Data,Mathlib.Order,Mathlib.Data,40.6,11.9,9
Dynamics,LinearAlgebra,Mathlib.Dynamics,Mathlib.LinearAlgebra,55.9,11.9,9
Logic,LinearAlgebra,Mathlib.Logic,Mathlib.LinearAlgebra,36.5,11.9,7
Control,CategoryTheory,Mathlib.Control,Mathlib.CategoryTheory,44.9,11.8,5
Computability,Algebra,Mathlib.Computability,Mathlib.Algebra,47.3,11.8,7
Geometry,NumberTheory,Mathlib.Geometry,Mathlib.NumberTheory,45.4,11.8,8
Combinatorics,Analysis,Mathlib.Combinatorics,Mathlib.Analysis,43.0,11.8,10
Dynamics,FieldTheory,Mathlib.Dynamics,Mathlib.FieldTheory,55.1,11.7,10
Order,Analysis,Mathlib.Order,Mathlib.Analysis,34.0,11.6,6
Geometry,MeasureTheory,Mathlib.Geometry,Mathlib.MeasureTheory,66.1,11.6,10
Tactic,LinearAlgebra,Mathlib.Tactic,Mathlib.LinearAlgebra,48.9,11.6,8
FieldTheory,NumberTheory,Mathlib.FieldTheory,Mathlib.NumberTheory,46.3,11.6,9
Control,Analysis,Mathlib.Control,Mathlib.Analysis,45.6,11.4,5
Algebra,CategoryTheory,Mathlib.Algebra,Mathlib.CategoryTheory,42.2,11.4,5
RingTheory,CategoryTheory,Mathlib.RingTheory,Mathlib.CategoryTheory,46.4,11.4,7
Control,Order,Mathlib.Control,Mathlib.Order,45.7,11.4,6
RingTheory,Combinatorics,Mathlib.RingTheory,Mathlib.Combinatorics,49.1,11.2,7
Tactic,Order,Mathlib.Tactic,Mathlib.Order,55.7,11.2,9
MeasureTheory,Geometry,Mathlib.MeasureTheory,Mathlib.Geometry,51.3,11.2,6
ModelTheory,NumberTheory,Mathlib.ModelTheory,Mathlib.NumberTheory,41.2,11.0,8
NumberTheory,Analysis,Mathlib.NumberTheory,Mathlib.Analysis,33.2,10.8,7
Tactic,FieldTheory,Mathlib.Tactic,Mathlib.FieldTheory,53.9,10.8,8
Dynamics,Data,Mathlib.Dynamics,Mathlib.Data,51.0,10.7,9
SetTheory,Topology,Mathlib.SetTheory,Mathlib.Topology,46.0,10.7,7
RepresentationTheory,Data,Mathlib.RepresentationTheory,Mathlib.Data,42.9,10.7,9
Order,Algebra,Mathlib.Order,Mathlib.Algebra,29.5,10.6,6
Tactic,NumberTheory,Mathlib.Tactic,Mathlib.NumberTheory,42.1,10.5,6
NumberTheory,RingTheory,Mathlib.NumberTheory,Mathlib.RingTheory,48.3,10.4,9
Geometry,LinearAlgebra,Mathlib.Geometry,Mathlib.LinearAlgebra,47.7,10.4,8
FieldTheory,Analysis,Mathlib.FieldTheory,Mathlib.Analysis,41.4,10.4,7
Order,Topology,Mathlib.Order,Mathlib.Topology,38.8,10.4,8
FieldTheory,Algebra,Mathlib.FieldTheory,Mathlib.Algebra,40.8,10.2,5
Tactic,MeasureTheory,Mathlib.Tactic,Mathlib.MeasureTheory,40.7,10.2,6
Dynamics,Combinatorics,Mathlib.Dynamics,Mathlib.Combinatorics,47.2,10.1,9
Logic,Combinatorics,Mathlib.Logic,Mathlib.Combinatorics,32.7,10.1,7
AlgebraicTopology,LinearAlgebra,Mathlib.AlgebraicTopology,Mathlib.LinearAlgebra,31.2,10.1,5
Dynamics,Order,Mathlib.Dynamics,Mathlib.Order,41.7,10.0,8
Probability,MeasureTheory,Mathlib.Probability,Mathlib.MeasureTheory,31.2,9.9,6
RepresentationTheory,GroupTheory,Mathlib.RepresentationTheory,Mathlib.GroupTheory,39.7,9.9,8
Condensed,Probability,Mathlib.Condensed,Mathlib.Probability,43.9,9.8,4
RingTheory,LinearAlgebra,Mathlib.RingTheory,Mathlib.LinearAlgebra,39.7,9.7,7
AlgebraicTopology,Data,Mathlib.AlgebraicTopology,Mathlib.Data,38.2,9.6,5
SetTheory,Analysis,Mathlib.SetTheory,Mathlib.Analysis,37.6,9.4,6
ModelTheory,LinearAlgebra,Mathlib.ModelTheory,Mathlib.LinearAlgebra,34.6,9.4,6
Tactic,Geometry,Mathlib.Tactic,Mathlib.Geometry,36.6,9.2,7
Logic,Topology,Mathlib.Logic,Mathlib.Topology,29.2,9.2,6
LinearAlgebra,RingTheory,Mathlib.LinearAlgebra,Mathlib.RingTheory,30.9,9.1,5
GroupTheory,RingTheory,Mathlib.GroupTheory,Mathlib.RingTheory,36.2,9.1,6
RepresentationTheory,AlgebraicGeometry,Mathlib.RepresentationTheory,Mathlib.AlgebraicGeometry,36.5,9.1,7
Algebra,AlgebraicGeometry,Mathlib.Algebra,Mathlib.AlgebraicGeometry,32.8,9.0,5
Control,Algebra,Mathlib.Control,Mathlib.Algebra,36.0,9.0,4
Algebra,Combinatorics,Mathlib.Algebra,Mathlib.Combinatorics,32.8,9.0,5
Algebra,Computability,Mathlib.Algebra,Mathlib.Computability,32.8,9.0,5
AlgebraicTopology,Algebra,Mathlib.AlgebraicTopology,Mathlib.Algebra,33.7,9.0,5
Algebra,AlgebraicTopology,Mathlib.Algebra,Mathlib.AlgebraicTopology,32.8,9.0,5
Algebra,Probability,Mathlib.Algebra,Mathlib.Probability,32.8,9.0,5
AlgebraicTopology,Topology,Mathlib.AlgebraicTopology,Mathlib.Topology,32.9,8.8,5
Control,Topology,Mathlib.Control,Mathlib.Topology,35.4,8.8,4
AlgebraicTopology,CategoryTheory,Mathlib.AlgebraicTopology,Mathlib.CategoryTheory,30.5,8.8,5
Dynamics,NumberTheory,Mathlib.Dynamics,Mathlib.NumberTheory,35.2,8.8,5
Condensed,FieldTheory,Mathlib.Condensed,Mathlib.FieldTheory,19.9,8.7,3
Condensed,GroupTheory,Mathlib.Condensed,Mathlib.GroupTheory,19.9,8.7,3
Condensed,Combinatorics,Mathlib.Condensed,Mathlib.Combinatorics,19.9,8.7,3
Condensed,Order,Mathlib.Condensed,Mathlib.Order,19.9,8.7,3
RingTheory,GroupTheory,Mathlib.RingTheory,Mathlib.GroupTheory,38.5,8.5,7
InformationTheory,RepresentationTheory,Mathlib.InformationTheory,Mathlib.RepresentationTheory,67.9,8.4,7
Tactic,CategoryTheory,Mathlib.Tactic,Mathlib.CategoryTheory,44.5,8.4,8
Logic,MeasureTheory,Mathlib.Logic,Mathlib.MeasureTheory,25.9,8.4,5
GroupTheory,Algebra,Mathlib.GroupTheory,Mathlib.Algebra,32.9,8.2,6
Geometry,Topology,Mathlib.Geometry,Mathlib.Topology,55.1,8.2,6
ModelTheory,Topology,Mathlib.ModelTheory,Mathlib.Topology,29.4,8.1,5
InformationTheory,AlgebraicTopology,Mathlib.InformationTheory,Mathlib.AlgebraicTopology,46.2,8.1,7
Tactic,Analysis,Mathlib.Tactic,Mathlib.Analysis,32.3,8.1,4
ModelTheory,MeasureTheory,Mathlib.ModelTheory,Mathlib.MeasureTheory,29.4,8.1,5
Topology,Analysis,Mathlib.Topology,Mathlib.Analysis,27.3,8.1,5
SetTheory,Algebra,Mathlib.SetTheory,Mathlib.Algebra,35.5,8.0,6
Tactic,Topology,Mathlib.Tactic,Mathlib.Topology,32.2,8.0,5
ModelTheory,Combinatorics,Mathlib.ModelTheory,Mathlib.Combinatorics,31.8,7.9,6
ModelTheory,Data,Mathlib.ModelTheory,Mathlib.Data,28.8,7.9,6
Condensed,NumberTheory,Mathlib.Condensed,Mathlib.NumberTheory,28.1,7.8,3
LinearAlgebra,Data,Mathlib.LinearAlgebra,Mathlib.Data,25.4,7.8,5
RepresentationTheory,Order,Mathlib.RepresentationTheory,Mathlib.Order,31.1,7.8,6
MeasureTheory,Probability,Mathlib.MeasureTheory,Mathlib.Probability,27.4,7.7,5
RingTheory,Geometry,Mathlib.RingTheory,Mathlib.Geometry,31.7,7.7,6
InformationTheory,Order,Mathlib.InformationTheory,Mathlib.Order,64.9,7.6,7
RepresentationTheory,Topology,Mathlib.RepresentationTheory,Mathlib.Topology,29.8,7.5,4
RingTheory,NumberTheory,Mathlib.RingTheory,Mathlib.NumberTheory,25.0,7.5,5
Tactic,Data,Mathlib.Tactic,Mathlib.Data,29.4,7.4,5
Control,Combinatorics,Mathlib.Control,Mathlib.Combinatorics,29.3,7.3,6
Logic,RingTheory,Mathlib.Logic,Mathlib.RingTheory,21.4,7.3,4
AlgebraicTopology,RingTheory,Mathlib.AlgebraicTopology,Mathlib.RingTheory,30.8,7.1,5
ModelTheory,Algebra,Mathlib.ModelTheory,Mathlib.Algebra,25.2,7.0,5
Algebra,Data,Mathlib.Algebra,Mathlib.Data,24.7,7.0,4
Condensed,MeasureTheory,Mathlib.Condensed,Mathlib.MeasureTheory,20.5,6.9,3
RepresentationTheory,NumberTheory,Mathlib.RepresentationTheory,Mathlib.NumberTheory,27.8,6.9,3
Tactic,RingTheory,Mathlib.Tactic,Mathlib.RingTheory,27.4,6.8,4
RepresentationTheory,Combinatorics,Mathlib.RepresentationTheory,Mathlib.Combinatorics,27.1,6.8,6
Control,Computability,Mathlib.Control,Mathlib.Computability,26.8,6.7,6
Algebra,Order,Mathlib.Algebra,Mathlib.Order,23.0,6.6,4
Algebra,Analysis,Mathlib.Algebra,Mathlib.Analysis,23.0,6.6,4
Logic,NumberTheory,Mathlib.Logic,Mathlib.NumberTheory,18.7,6.6,4
Algebra,LinearAlgebra,Mathlib.Algebra,Mathlib.LinearAlgebra,23.0,6.6,4
Algebra,NumberTheory,Mathlib.Algebra,Mathlib.NumberTheory,23.0,6.6,4
RepresentationTheory,CategoryTheory,Mathlib.RepresentationTheory,Mathlib.CategoryTheory,25.8,6.4,6
InformationTheory,Computability,Mathlib.InformationTheory,Mathlib.Computability,35.6,6.3,4
ModelTheory,Analysis,Mathlib.ModelTheory,Mathlib.Analysis,24.5,6.1,4
Tactic,Combinatorics,Mathlib.Tactic,Mathlib.Combinatorics,24.5,6.1,4
Logic,Analysis,Mathlib.Logic,Mathlib.Analysis,16.6,6.1,3
FieldTheory,RingTheory,Mathlib.FieldTheory,Mathlib.RingTheory,24.2,6.1,6
RepresentationTheory,Geometry,Mathlib.RepresentationTheory,Mathlib.Geometry,24.0,6.0,5
Logic,Order,Mathlib.Logic,Mathlib.Order,23.0,5.7,4
Dynamics,Algebra,Mathlib.Dynamics,Mathlib.Algebra,28.1,5.4,4
Logic,GroupTheory,Mathlib.Logic,Mathlib.GroupTheory,13.8,5.4,3
InformationTheory,ModelTheory,Mathlib.InformationTheory,Mathlib.ModelTheory,55.7,5.3,7
RingTheory,Topology,Mathlib.RingTheory,Mathlib.Topology,27.4,5.3,5
Condensed,AlgebraicGeometry,Mathlib.Condensed,Mathlib.AlgebraicGeometry,25.6,5.2,3
ModelTheory,RingTheory,Mathlib.ModelTheory,Mathlib.RingTheory,20.1,5.0,3
InformationTheory,Topology,Mathlib.InformationTheory,Mathlib.Topology,20.1,5.0,2
LinearAlgebra,Algebra,Mathlib.LinearAlgebra,Mathlib.Algebra,20.1,5.0,4
RepresentationTheory,MeasureTheory,Mathlib.RepresentationTheory,Mathlib.MeasureTheory,19.6,4.9,4
Condensed,Data,Mathlib.Condensed,Mathlib.Data,23.4,4.7,2
Dynamics,Topology,Mathlib.Dynamics,Mathlib.Topology,26.3,4.5,5
InformationTheory,SetTheory,Mathlib.InformationTheory,Mathlib.SetTheory,52.2,4.5,6
InformationTheory,CategoryTheory,Mathlib.InformationTheory,Mathlib.CategoryTheory,37.7,4.4,6
RingTheory,Data,Mathlib.RingTheory,Mathlib.Data,22.1,4.4,5
RingTheory,Algebra,Mathlib.RingTheory,Mathlib.Algebra,17.7,4.4,3
RingTheory,Analysis,Mathlib.RingTheory,Mathlib.Analysis,12.0,4.3,3
SetTheory,Data,Mathlib.SetTheory,Mathlib.Data,16.8,4.2,4
RepresentationTheory,Algebra,Mathlib.RepresentationTheory,Mathlib.Algebra,16.6,4.1,4
RepresentationTheory,LinearAlgebra,Mathlib.RepresentationTheory,Mathlib.LinearAlgebra,16.3,4.1,4
Condensed,Analysis,Mathlib.Condensed,Mathlib.Analysis,12.5,3.9,2
Logic,Algebra,Mathlib.Logic,Mathlib.Algebra,8.0,3.9,2
InformationTheory,Data,Mathlib.InformationTheory,Mathlib.Data,40.6,3.9,4
InformationTheory,GroupTheory,Mathlib.InformationTheory,Mathlib.GroupTheory,35.7,3.8,4
AlgebraicTopology,Analysis,Mathlib.AlgebraicTopology,Mathlib.Analysis,7.3,3.6,2
InformationTheory,FieldTheory,Mathlib.InformationTheory,Mathlib.FieldTheory,48.0,3.4,6
Dynamics,RingTheory,Mathlib.Dynamics,Mathlib.RingTheory,13.6,3.4,2
InformationTheory,LinearAlgebra,Mathlib.InformationTheory,Mathlib.LinearAlgebra,41.0,3.1,4
InformationTheory,AlgebraicGeometry,Mathlib.InformationTheory,Mathlib.AlgebraicGeometry,22.6,3.0,3
Geometry,Analysis,Mathlib.Geometry,Mathlib.Analysis,11.5,2.9,3
Algebra,Topology,Mathlib.Algebra,Mathlib.Topology,10.9,2.7,2
Dynamics,MeasureTheory,Mathlib.Dynamics,Mathlib.MeasureTheory,21.4,2.6,4
Control,Data,Mathlib.Control,Mathlib.Data,9.8,2.5,2
Tactic,Algebra,Mathlib.Tactic,Mathlib.Algebra,9.8,2.4,2
Logic,Data,Mathlib.Logic,Mathlib.Data,9.7,2.4,2
RepresentationTheory,Analysis,Mathlib.RepresentationTheory,Mathlib.Analysis,9.1,2.3,2
InformationTheory,Algebra,Mathlib.InformationTheory,Mathlib.Algebra,19.1,2.2,2
InformationTheory,MeasureTheory,Mathlib.InformationTheory,Mathlib.MeasureTheory,19.1,2.2,2
InformationTheory,RingTheory,Mathlib.InformationTheory,Mathlib.RingTheory,22.9,2.1,2
InformationTheory,Combinatorics,Mathlib.InformationTheory,Mathlib.Combinatorics,22.9,2.1,2
Dynamics,Analysis,Mathlib.Dynamics,Mathlib.Analysis,4.9,1.9,1
MeasureTheory,Analysis,Mathlib.MeasureTheory,Mathlib.Analysis,6.8,1.7,2
Algebra,RingTheory,Mathlib.Algebra,Mathlib.RingTheory,6.6,1.6,1
RepresentationTheory,RingTheory,Mathlib.RepresentationTheory,Mathlib.RingTheory,5.8,1.4,1
InformationTheory,Probability,Mathlib.InformationTheory,Mathlib.Probability,14.9,1.1,2
Condensed,Algebra,Mathlib.Condensed,Mathlib.Algebra,7.8,0.8,1
Condensed,CategoryTheory,Mathlib.Condensed,Mathlib.CategoryTheory,7.8,0.8,1
Condensed,LinearAlgebra,Mathlib.Condensed,Mathlib.LinearAlgebra,7.8,0.8,1
Probability,Analysis,Mathlib.Probability,Mathlib.Analysis,3.2,0.8,1
Condensed,RingTheory,Mathlib.Condensed,Mathlib.RingTheory,7.8,0.8,1
InformationTheory,Geometry,Mathlib.InformationTheory,Mathlib.Geometry,2.8,0.7,1
